<?xml version="1.0" encoding="UTF-8"?>
<metadata xml:lang="zh"><Esri><CreaDate>20200309</CreaDate><CreaTime>12452700</CreaTime><ArcGISFormat>1.0</ArcGISFormat><SyncOnce>TRUE</SyncOnce><DataProperties><lineage><Process ToolSource="c:\program files (x86)\arcgis\desktop10.2\ArcToolbox\Toolboxes\Geostatistical Analyst Tools.tbx\SubsetFeatures" Date="20200309" Time="124527">SubsetFeatures o D:\web\result\result\opart.shp # 1 PERCENTAGE_OF_INPUT</Process></lineage></DataProperties></Esri></metadata>
